{"cameraMode":{"drawMode":0,"name":"Shaded","section":"Shading Mode"},"sceneLighting":true,"audioPlay":false,"sceneViewState":{"m_AlwaysRefresh":false,"showFog":true,"showSkybox":true,"showFlares":true,"showImageEffects":true,"showParticleSystems":true,"showVisualEffectGraphs":true,"m_FxEnabled":true},"in2DMode":false,"pivot":{"x":149.95083618164063,"y":-92.85469055175781,"z":-205.86280822753907},"rotation":{"x":-0.17767946422100068,"y":-0.7012999057769775,"z":0.18754468858242036,"w":-0.6644107103347778},"size":106.07459259033203,"orthographic":false}