{"cameraMode":{"drawMode":0,"name":"Shaded","section":"Shading Mode"},"sceneLighting":true,"audioPlay":false,"sceneViewState":{"m_AlwaysRefresh":false,"showFog":true,"showSkybox":true,"showFlares":true,"showImageEffects":true,"showParticleSystems":true,"showVisualEffectGraphs":true,"m_FxEnabled":true},"in2DMode":false,"pivot":{"x":-72.28787994384766,"y":-244.56387329101563,"z":339.26910400390627},"rotation":{"x":-0.3091201186180115,"y":0.07606841623783112,"z":-0.024811770766973497,"w":-0.947661817073822},"size":254.42611694335938,"orthographic":false}