{"cameraMode":{"drawMode":0,"name":"Shaded","section":"Shading Mode"},"sceneLighting":true,"audioPlay":false,"sceneViewState":{"m_AlwaysRefresh":false,"showFog":true,"showSkybox":true,"showFlares":true,"showImageEffects":true,"showParticleSystems":true,"showVisualEffectGraphs":true,"m_FxEnabled":true},"in2DMode":false,"pivot":{"x":-63.46418762207031,"y":-115.26615905761719,"z":236.8780517578125},"rotation":{"x":-0.19823531806468965,"y":0.0725494995713234,"z":-0.014739179983735085,"w":-0.9773830771446228},"size":193.72390747070313,"orthographic":false}